-- MySQL dump 10.13  Distrib 8.0.22, for Win64 (x86_64)
--
-- Host: 127.0.0.1    Database: my_vk
-- ------------------------------------------------------
-- Server version	8.0.22

/*!40101 SET @OLD_CHARACTER_SET_CLIENT=@@CHARACTER_SET_CLIENT */;
/*!40101 SET @OLD_CHARACTER_SET_RESULTS=@@CHARACTER_SET_RESULTS */;
/*!40101 SET @OLD_COLLATION_CONNECTION=@@COLLATION_CONNECTION */;
/*!50503 SET NAMES utf8 */;
/*!40103 SET @OLD_TIME_ZONE=@@TIME_ZONE */;
/*!40103 SET TIME_ZONE='+00:00' */;
/*!40014 SET @OLD_UNIQUE_CHECKS=@@UNIQUE_CHECKS, UNIQUE_CHECKS=0 */;
/*!40014 SET @OLD_FOREIGN_KEY_CHECKS=@@FOREIGN_KEY_CHECKS, FOREIGN_KEY_CHECKS=0 */;
/*!40101 SET @OLD_SQL_MODE=@@SQL_MODE, SQL_MODE='NO_AUTO_VALUE_ON_ZERO' */;
/*!40111 SET @OLD_SQL_NOTES=@@SQL_NOTES, SQL_NOTES=0 */;

--
-- Table structure for table `communities`
--

DROP TABLE IF EXISTS `communities`;
/*!40101 SET @saved_cs_client     = @@character_set_client */;
/*!50503 SET character_set_client = utf8mb4 */;
CREATE TABLE `communities` (
  `id` int unsigned NOT NULL AUTO_INCREMENT,
  `title` varchar(145) NOT NULL,
  `description` varchar(245) DEFAULT NULL,
  `admin_id` int unsigned NOT NULL,
  PRIMARY KEY (`id`),
  KEY `fk_communities_users1_idx` (`admin_id`),
  CONSTRAINT `fk_communities_users1` FOREIGN KEY (`admin_id`) REFERENCES `users` (`id`)
) ENGINE=InnoDB AUTO_INCREMENT=16 DEFAULT CHARSET=utf8;
/*!40101 SET character_set_client = @saved_cs_client */;

--
-- Dumping data for table `communities`
--

LOCK TABLES `communities` WRITE;
/*!40000 ALTER TABLE `communities` DISABLE KEYS */;
INSERT INTO `communities` VALUES (1,'quaerat','',88),(2,'laboriosam','',11),(3,'repellendus','',4),(4,'reiciendis','Et cupiditate iure voluptas ut dolorum libero ut.',1),(5,'ipsum','',90),(6,'voluptatem','',81),(7,'quia','Magni ullam sed error quo et ab.',60),(8,'odit','Excepturi occaecati dolorem cum possimus.',33),(9,'quia','Est aut voluptas exercitationem voluptatum itaque nostrum temporibus.',88),(10,'vero','Necessitatibus occaecati est ipsa repellat est in id.',41),(11,'reiciendis','',22),(12,'iste','',76),(13,'omnis','Est earum aut cum nobis aut commodi.',32),(14,'non','Iure rem et quo eligendi et repudiandae magnam.',96),(15,'consequatur','',45);
/*!40000 ALTER TABLE `communities` ENABLE KEYS */;
UNLOCK TABLES;

--
-- Table structure for table `friend_requests`
--

DROP TABLE IF EXISTS `friend_requests`;
/*!40101 SET @saved_cs_client     = @@character_set_client */;
/*!50503 SET character_set_client = utf8mb4 */;
CREATE TABLE `friend_requests` (
  `from_users_id` int unsigned NOT NULL,
  `to_users_id` int unsigned NOT NULL,
  `status` tinyint(1) DEFAULT NULL COMMENT '-1 - отклонён\n0 - запрос\n1 - принят',
  `created_at` datetime NOT NULL DEFAULT CURRENT_TIMESTAMP,
  PRIMARY KEY (`from_users_id`,`to_users_id`),
  KEY `fk_friend_requests_users1_idx` (`from_users_id`),
  KEY `fk_friend_requests_users2_idx` (`to_users_id`),
  CONSTRAINT `fk_friend_requests_users1` FOREIGN KEY (`from_users_id`) REFERENCES `users` (`id`),
  CONSTRAINT `fk_friend_requests_users2` FOREIGN KEY (`to_users_id`) REFERENCES `users` (`id`)
) ENGINE=InnoDB DEFAULT CHARSET=utf8;
/*!40101 SET character_set_client = @saved_cs_client */;

--
-- Dumping data for table `friend_requests`
--

LOCK TABLES `friend_requests` WRITE;
/*!40000 ALTER TABLE `friend_requests` DISABLE KEYS */;
INSERT INTO `friend_requests` VALUES (1,83,-1,'2005-04-11 14:05:56'),(1,96,1,'2010-09-28 02:18:00'),(2,53,-1,'1986-10-08 05:19:31'),(2,99,-1,'2016-11-07 17:52:29'),(5,49,-1,'1972-01-14 04:43:50'),(5,64,-1,'1974-01-10 15:28:28'),(5,88,0,'1999-08-07 18:51:30'),(6,13,1,'1986-01-31 22:11:54'),(6,71,-1,'1997-01-13 22:57:26'),(6,97,-1,'1978-11-21 09:22:31'),(7,29,0,'2015-09-23 09:13:50'),(7,75,-1,'1996-04-30 21:14:47'),(8,40,-1,'1973-12-17 11:05:35'),(10,30,-1,'2008-02-16 15:57:11'),(12,10,0,'1989-12-04 13:33:49'),(12,49,-1,'2004-03-04 16:07:43'),(12,70,0,'1979-08-08 09:46:16'),(15,62,0,'1979-01-18 10:26:21'),(16,76,-1,'1987-01-24 21:46:41'),(16,98,0,'2006-07-15 05:14:12'),(18,21,0,'1996-10-25 23:00:21'),(18,87,0,'2011-03-26 10:55:13'),(22,4,1,'1971-07-30 07:15:28'),(22,95,0,'2017-12-07 22:05:41'),(23,14,0,'1990-05-13 14:15:56'),(24,12,-1,'2015-11-08 10:39:01'),(24,60,0,'2007-01-20 11:19:28'),(26,7,1,'1985-11-22 23:27:12'),(26,68,1,'1992-02-14 00:52:58'),(27,77,-1,'2013-09-10 08:35:24'),(28,18,0,'2017-06-17 06:40:36'),(28,85,-1,'1996-03-03 20:08:45'),(29,58,1,'2011-10-27 02:25:32'),(31,18,0,'1977-08-05 11:32:01'),(31,30,0,'2018-08-25 01:18:55'),(32,69,-1,'1974-08-16 23:02:58'),(35,10,0,'1982-08-07 08:06:30'),(37,58,0,'1991-02-22 01:17:39'),(38,43,0,'1973-04-27 10:49:27'),(39,23,-1,'2002-11-06 21:26:36'),(40,34,1,'2013-07-15 21:06:59'),(41,5,0,'1988-06-12 15:02:01'),(41,94,-1,'2008-09-24 01:32:50'),(42,31,-1,'2012-11-12 20:27:13'),(43,46,0,'2000-05-21 06:05:29'),(44,92,0,'2006-02-13 16:46:21'),(45,45,0,'1981-11-04 01:52:00'),(45,59,1,'1982-04-28 00:03:40'),(46,67,0,'1983-01-20 22:39:49'),(47,63,1,'2000-11-10 21:35:32'),(49,33,0,'1980-04-03 22:59:57'),(50,32,0,'1997-03-10 03:38:42'),(51,8,1,'1999-09-10 15:47:25'),(51,14,0,'1973-04-28 04:33:28'),(53,94,1,'1987-11-03 16:43:26'),(55,4,-1,'1982-09-05 12:51:41'),(55,13,1,'1992-04-14 12:28:16'),(56,100,-1,'1996-07-13 15:24:33'),(58,21,0,'2010-05-23 23:26:27'),(59,36,1,'1992-11-22 02:36:12'),(59,89,0,'1979-03-13 15:22:15'),(59,99,0,'1981-08-14 14:58:52'),(62,34,0,'1992-04-17 12:08:06'),(63,34,0,'1977-01-25 10:33:20'),(63,99,-1,'2003-08-01 08:18:50'),(64,14,0,'2012-12-22 08:56:42'),(64,45,0,'2006-11-11 12:45:53'),(64,53,-1,'2000-05-24 16:40:25'),(65,97,-1,'1999-11-28 16:01:04'),(67,94,-1,'2004-11-28 21:24:47'),(68,59,-1,'1996-05-30 06:51:30'),(69,66,-1,'2001-01-10 08:14:39'),(69,90,-1,'2016-04-21 03:15:24'),(72,23,-1,'2000-02-02 10:32:00'),(72,95,1,'1976-01-01 01:45:54'),(74,35,1,'2003-11-28 08:22:08'),(76,88,0,'2016-12-01 08:14:12'),(77,7,0,'1974-10-15 02:10:06'),(78,9,-1,'1973-09-13 08:07:14'),(80,11,0,'1974-01-26 20:09:28'),(80,40,0,'1977-10-21 23:53:31'),(83,77,-1,'1971-12-17 06:44:22'),(84,62,-1,'2017-03-28 13:30:00'),(85,14,0,'1986-10-21 02:50:56'),(89,15,-1,'2016-03-04 23:35:10'),(89,16,0,'1987-10-11 14:57:55'),(90,89,1,'1983-05-26 07:41:35'),(92,71,-1,'1979-03-08 01:45:08'),(93,43,-1,'1978-02-16 01:27:20'),(93,56,0,'2002-08-02 11:25:35'),(94,14,-1,'1992-09-23 14:46:58'),(96,48,0,'2003-08-04 21:40:11'),(97,22,-1,'2016-01-19 18:23:15'),(97,70,1,'2003-06-05 10:31:18'),(98,85,-1,'2009-05-13 10:40:05'),(99,54,1,'1999-04-07 07:48:03'),(99,58,0,'1991-01-18 02:09:12'),(100,66,1,'1996-10-20 06:19:32');
/*!40000 ALTER TABLE `friend_requests` ENABLE KEYS */;
UNLOCK TABLES;

--
-- Table structure for table `likes`
--

DROP TABLE IF EXISTS `likes`;
/*!40101 SET @saved_cs_client     = @@character_set_client */;
/*!50503 SET character_set_client = utf8mb4 */;
CREATE TABLE `likes` (
  `likes_id` int unsigned NOT NULL AUTO_INCREMENT,
  `from_user_id` int unsigned NOT NULL,
  `to_user_id` int unsigned NOT NULL,
  `count` int DEFAULT NULL,
  `users_id` int unsigned NOT NULL,
  `posts_id` int unsigned NOT NULL,
  `media_id` int unsigned NOT NULL,
  `created_at` datetime NOT NULL DEFAULT CURRENT_TIMESTAMP,
  PRIMARY KEY (`likes_id`),
  KEY `fk_Likes_users1_idx` (`users_id`),
  KEY `fk_Likes_posts1_idx` (`posts_id`),
  KEY `fk_Likes_media1_idx` (`media_id`),
  CONSTRAINT `fk_Likes_media1` FOREIGN KEY (`media_id`) REFERENCES `media` (`id`),
  CONSTRAINT `fk_Likes_posts1` FOREIGN KEY (`posts_id`) REFERENCES `posts` (`id`),
  CONSTRAINT `fk_Likes_users1` FOREIGN KEY (`users_id`) REFERENCES `users` (`id`)
) ENGINE=InnoDB AUTO_INCREMENT=101 DEFAULT CHARSET=utf8;
/*!40101 SET character_set_client = @saved_cs_client */;

--
-- Dumping data for table `likes`
--

LOCK TABLES `likes` WRITE;
/*!40000 ALTER TABLE `likes` DISABLE KEYS */;
INSERT INTO `likes` VALUES (1,42,26,2147483647,69,19,74,'1974-07-23 00:07:07'),(2,69,37,0,60,173,57,'1988-06-23 09:43:42'),(3,32,79,0,41,86,39,'2018-08-29 08:34:49'),(4,16,24,0,48,178,16,'2019-03-06 05:48:12'),(5,46,16,2147483647,3,153,50,'1978-09-16 00:45:33'),(6,55,2,2147483647,54,109,7,'1978-09-19 08:47:02'),(7,53,96,0,32,42,5,'1988-04-15 00:44:00'),(8,6,90,0,42,131,76,'1972-08-19 05:00:12'),(9,98,98,2147483647,55,77,40,'1973-09-30 15:27:06'),(10,93,54,0,64,80,43,'2017-05-15 05:04:47'),(11,79,86,0,58,162,62,'2002-01-04 15:49:52'),(12,8,36,2147483647,63,122,90,'2009-07-14 21:26:28'),(13,70,14,2147483647,86,3,35,'1972-07-21 18:30:30'),(14,90,7,1532574752,24,63,72,'2019-07-31 06:33:16'),(15,100,29,2147483647,69,107,67,'1992-09-17 22:32:29'),(16,9,46,0,21,144,86,'1996-05-10 16:23:06'),(17,63,51,0,72,42,31,'1991-11-08 14:22:18'),(18,33,29,1068579712,67,192,90,'1986-01-31 01:55:03'),(19,56,66,2147483647,3,83,67,'2017-02-24 16:53:02'),(20,38,31,2147483647,73,122,63,'1973-11-26 19:10:17'),(21,45,60,2147483647,91,26,14,'1972-07-20 17:38:16'),(22,58,22,0,59,157,94,'1974-10-10 13:47:21'),(23,45,42,1824168362,44,31,63,'1977-06-12 03:03:43'),(24,75,49,2147483647,91,81,45,'1999-05-27 19:34:26'),(25,80,96,0,10,166,38,'1988-01-03 20:16:52'),(26,76,20,0,68,97,81,'1999-05-13 01:10:42'),(27,31,93,0,41,43,6,'2008-11-14 19:23:35'),(28,54,79,2147483647,27,26,58,'2019-08-23 21:50:13'),(29,20,57,0,99,127,73,'2006-06-07 16:53:34'),(30,61,38,2147483647,21,102,78,'1998-08-29 17:54:58'),(31,65,31,2147483647,74,149,14,'1989-04-11 22:42:25'),(32,11,50,2147483647,34,157,99,'2011-10-06 03:16:44'),(33,15,9,0,91,110,30,'1999-06-10 13:22:31'),(34,96,9,2147483647,9,45,22,'2020-02-03 05:23:01'),(35,66,43,0,79,129,6,'1979-01-26 23:36:25'),(36,51,25,0,43,143,76,'2012-11-25 15:04:05'),(37,21,37,0,7,187,11,'1995-09-14 12:08:00'),(38,20,4,1734727611,61,107,82,'1973-02-12 10:55:36'),(39,59,68,1641873191,91,98,23,'1974-12-19 07:34:06'),(40,20,45,2147483647,32,57,67,'1999-02-09 15:18:38'),(41,53,94,2147483647,9,63,58,'1984-02-07 09:21:39'),(42,15,82,2147483647,83,115,53,'1980-09-18 01:10:22'),(43,59,78,2147483647,89,130,71,'1994-04-08 12:03:20'),(44,100,85,2147483647,75,119,38,'2012-06-05 01:51:45'),(45,57,18,0,6,94,67,'2015-09-24 10:40:01'),(46,28,67,0,11,118,95,'1972-01-09 11:28:21'),(47,78,12,1622389741,89,173,43,'2008-12-23 09:42:11'),(48,47,1,2147483647,25,58,58,'1992-01-12 17:40:43'),(49,77,88,0,35,132,52,'1992-06-19 22:37:17'),(50,6,65,0,37,160,25,'2011-01-29 01:32:03'),(51,74,36,0,43,158,83,'2013-03-15 21:42:28'),(52,9,7,2147483647,50,39,66,'2018-09-17 13:36:24'),(53,44,97,0,77,65,84,'1974-09-14 12:50:53'),(54,20,79,2147483647,85,87,8,'1995-06-17 14:15:37'),(55,42,20,2147483647,95,154,86,'1995-04-06 01:26:05'),(56,47,83,0,51,165,62,'1983-11-20 12:47:36'),(57,75,56,2147483647,98,34,35,'2013-07-28 08:57:32'),(58,81,26,0,42,59,45,'2001-09-10 10:35:15'),(59,7,74,0,42,167,6,'1991-07-17 08:14:28'),(60,25,3,0,84,18,46,'1982-08-10 01:48:52'),(61,92,51,2147483647,66,172,28,'2005-11-21 01:58:13'),(62,51,32,0,10,3,14,'2011-11-12 17:29:37'),(63,72,76,0,70,139,93,'2000-03-12 05:32:35'),(64,5,50,0,18,92,80,'1989-10-17 18:53:46'),(65,62,53,1395695372,53,7,36,'2002-10-21 10:15:37'),(66,58,29,0,38,83,38,'2008-02-11 00:31:24'),(67,84,33,1461070319,88,98,19,'1977-11-24 15:04:19'),(68,16,100,2147483647,50,51,1,'2001-09-08 18:58:00'),(69,64,97,207970868,77,67,66,'1978-04-02 23:47:54'),(70,69,38,0,16,171,84,'2013-10-03 08:57:28'),(71,95,47,0,36,94,51,'1990-10-22 09:21:20'),(72,72,5,2147483647,79,19,46,'2015-04-01 16:06:30'),(73,16,93,0,78,7,42,'2015-11-19 17:10:18'),(74,97,19,0,42,92,44,'2014-09-28 06:15:06'),(75,42,10,2147483647,41,36,43,'1992-12-13 16:15:44'),(76,6,86,0,80,43,72,'2004-06-05 06:54:24'),(77,64,16,2147483647,18,198,63,'1990-02-04 00:35:13'),(78,69,71,2147483647,67,93,80,'1973-01-25 08:19:39'),(79,13,62,2147483647,73,181,65,'2011-03-30 07:34:33'),(80,15,87,2147483647,83,111,33,'2003-07-24 04:24:31'),(81,27,97,2147483647,42,133,15,'1993-08-07 03:29:01'),(82,84,73,0,1,127,94,'2020-12-30 03:12:31'),(83,72,27,0,10,180,26,'1971-03-07 10:34:17'),(84,73,58,2147483647,96,79,4,'2018-07-12 10:27:32'),(85,76,52,0,66,96,42,'2017-01-19 15:04:50'),(86,30,62,0,29,25,17,'1971-06-01 13:37:26'),(87,61,39,2147483647,14,4,6,'1992-03-23 09:14:13'),(88,29,86,435902811,78,58,49,'1980-10-24 19:32:27'),(89,72,1,245172348,75,162,90,'2005-07-30 16:06:51'),(90,100,54,0,48,190,93,'1993-08-03 00:05:15'),(91,52,70,2147483647,44,33,18,'2009-12-24 20:53:33'),(92,86,47,0,79,29,59,'1997-10-27 15:01:44'),(93,96,75,2147483647,98,19,77,'2007-08-06 13:56:20'),(94,3,38,1409159796,62,160,66,'2009-01-17 03:11:31'),(95,10,52,0,67,168,32,'2016-07-09 17:23:27'),(96,56,83,2147483647,85,7,78,'2015-07-10 23:22:21'),(97,78,55,0,48,42,71,'1995-09-13 09:49:22'),(98,65,7,0,17,87,21,'2005-09-05 00:17:00'),(99,76,39,2147483647,96,146,48,'1994-07-21 19:18:35'),(100,72,76,2147483647,85,67,56,'1980-08-22 18:32:42');
/*!40000 ALTER TABLE `likes` ENABLE KEYS */;
UNLOCK TABLES;

--
-- Table structure for table `media`
--

DROP TABLE IF EXISTS `media`;
/*!40101 SET @saved_cs_client     = @@character_set_client */;
/*!50503 SET character_set_client = utf8mb4 */;
CREATE TABLE `media` (
  `id` int unsigned NOT NULL AUTO_INCREMENT,
  `media_types_id` int unsigned NOT NULL,
  `users_id` int unsigned NOT NULL,
  `url` varchar(45) DEFAULT NULL COMMENT '/files/x0d4/file.jpg',
  `file` blob,
  `size` int NOT NULL DEFAULT '0',
  `metadata` longtext CHARACTER SET utf8mb4 COLLATE utf8mb4_bin,
  PRIMARY KEY (`id`),
  KEY `fk_media_media_types1_idx` (`media_types_id`),
  KEY `fk_media_users1_idx` (`users_id`),
  CONSTRAINT `fk_media_media_types1` FOREIGN KEY (`media_types_id`) REFERENCES `media_types` (`id`),
  CONSTRAINT `fk_media_users1` FOREIGN KEY (`users_id`) REFERENCES `users` (`id`),
  CONSTRAINT `media_chk_1` CHECK (json_valid(`metadata`))
) ENGINE=InnoDB AUTO_INCREMENT=101 DEFAULT CHARSET=utf8;
/*!40101 SET character_set_client = @saved_cs_client */;

--
-- Dumping data for table `media`
--

LOCK TABLES `media` WRITE;
/*!40000 ALTER TABLE `media` DISABLE KEYS */;
INSERT INTO `media` VALUES (1,3,5,'text/vnd.graphviz',NULL,6230083,NULL),(2,3,10,'video/h264',NULL,97592982,NULL),(3,1,49,'text/vcard',NULL,7,NULL),(4,1,67,'video/vnd.uvvu.mp4',NULL,707419,NULL),(5,2,75,'application/vnd.llamagraphics.life-balance.ex',NULL,72,NULL),(6,2,9,'application/mp4',NULL,0,NULL),(7,2,98,'application/vnd.dvb.service',NULL,38,NULL),(8,3,9,'application/vnd.lotus-freelance',NULL,0,NULL),(9,1,49,'application/vnd.lotus-organizer',NULL,80,NULL),(10,3,95,'application/mets+xml',NULL,456,NULL),(11,2,87,'video/jpm',NULL,4,NULL),(12,1,38,'application/x-msaccess',NULL,77683,NULL),(13,1,5,'application/vnd.dece.data',NULL,653986,NULL),(14,1,36,'text/x-nfo',NULL,693,NULL),(15,1,42,'application/vnd.sun.xml.impress.template',NULL,7370,NULL),(16,2,92,'model/vnd.gdl',NULL,8,NULL),(17,2,8,'application/x-font-woff',NULL,69713893,NULL),(18,1,64,'application/rss+xml',NULL,443,NULL),(19,2,5,'application/vnd.oasis.opendocument.image-temp',NULL,77,NULL),(20,1,14,'application/vnd.flographit',NULL,404788307,NULL),(21,3,74,'application/vnd.sun.xml.calc.template',NULL,55,NULL),(22,1,42,'application/x-install-instructions',NULL,2384407,NULL),(23,3,96,'application/vnd.quark.quarkxpress',NULL,41258,NULL),(24,2,91,'image/webp',NULL,904486,NULL),(25,2,34,'application/vnd.llamagraphics.life-balance.de',NULL,1605,NULL),(26,3,8,'image/x-tga',NULL,558605,NULL),(27,1,97,'application/x-install-instructions',NULL,874,NULL),(28,2,24,'application/jsonml+json',NULL,65870,NULL),(29,1,61,'text/vnd.fmi.flexstor',NULL,0,NULL),(30,2,16,'video/x-sgi-movie',NULL,18064,NULL),(31,1,96,'text/csv',NULL,75,NULL),(32,1,48,'text/css',NULL,0,NULL),(33,1,8,'application/vnd.iccprofile',NULL,2704465,NULL),(34,1,60,'application/x-silverlight-app',NULL,76448,NULL),(35,1,43,'application/vnd.openxmlformats-officedocument',NULL,371,NULL),(36,3,93,'application/vnd.symbian.install',NULL,3941556,NULL),(37,1,97,'video/h261',NULL,66629,NULL),(38,2,88,'application/vnd.dolby.mlp',NULL,27,NULL),(39,3,85,'application/xhtml+xml',NULL,7353500,NULL),(40,3,35,'application/vnd.sema',NULL,48,NULL),(41,1,64,'video/mj2',NULL,9755050,NULL),(42,2,39,'application/vnd.llamagraphics.life-balance.de',NULL,66599900,NULL),(43,2,88,'image/x-pcx',NULL,43487,NULL),(44,2,62,'application/winhlp',NULL,0,NULL),(45,2,21,'application/yang',NULL,0,NULL),(46,3,49,'application/xslt+xml',NULL,850,NULL),(47,1,84,'application/widget',NULL,859292268,NULL),(48,3,20,'application/vnd.oasis.opendocument.chart',NULL,60058,NULL),(49,3,8,'application/javascript',NULL,58084284,NULL),(50,3,5,'application/x-research-info-systems',NULL,8198,NULL),(51,2,54,'application/lost+xml',NULL,56,NULL),(52,3,66,'application/vnd.epson.msf',NULL,492,NULL),(53,2,31,'application/x-xfig',NULL,0,NULL),(54,2,41,'application/vnd.ds-keypoint',NULL,572359280,NULL),(55,1,31,'text/vnd.curl.mcurl',NULL,0,NULL),(56,3,34,'text/x-asm',NULL,4,NULL),(57,3,19,'image/x-rgb',NULL,0,NULL),(58,3,55,'application/vnd.ms-excel.sheet.binary.macroen',NULL,74,NULL),(59,1,34,'application/ecmascript',NULL,70,NULL),(60,1,54,'image/vnd.dxf',NULL,136,NULL),(61,2,93,'application/x-shar',NULL,11,NULL),(62,1,71,'application/x-wais-source',NULL,3337,NULL),(63,3,99,'application/x-chess-pgn',NULL,0,NULL),(64,3,68,'application/vnd.syncml.dm+xml',NULL,125457,NULL),(65,1,71,'application/vnd.kidspiration',NULL,429256,NULL),(66,3,55,'application/vnd.trid.tpt',NULL,43407,NULL),(67,1,69,'application/vnd.oasis.opendocument.image',NULL,966058701,NULL),(68,1,74,'application/vnd.openxmlformats-officedocument',NULL,25,NULL),(69,3,72,'application/vnd.ecowin.chart',NULL,6623136,NULL),(70,1,15,'image/webp',NULL,5899738,NULL),(71,1,90,'audio/x-ms-wax',NULL,9,NULL),(72,2,97,'text/x-vcard',NULL,2058,NULL),(73,1,20,'application/mods+xml',NULL,21,NULL),(74,2,13,'application/vnd.triscape.mxs',NULL,72,NULL),(75,2,67,'application/vnd.flographit',NULL,8308245,NULL),(76,2,8,'application/vnd.oasis.opendocument.graphics-t',NULL,573551,NULL),(77,2,69,'video/vnd.mpegurl',NULL,520,NULL),(78,3,35,'application/x-xz',NULL,14,NULL),(79,2,69,'application/x-mscardfile',NULL,0,NULL),(80,1,72,'video/h261',NULL,80504237,NULL),(81,2,75,'application/vnd.iccprofile',NULL,113731353,NULL),(82,1,63,'application/vnd.kde.kivio',NULL,0,NULL),(83,2,46,'text/vnd.wap.wml',NULL,207,NULL),(84,2,44,'application/jsonml+json',NULL,804139453,NULL),(85,1,50,'application/vnd.flographit',NULL,0,NULL),(86,2,20,'video/vnd.uvvu.mp4',NULL,265288,NULL),(87,2,7,'application/x-msdownload',NULL,31510,NULL),(88,1,47,'image/ktx',NULL,5452419,NULL),(89,1,68,'text/vnd.curl.scurl',NULL,4143124,NULL),(90,2,79,'audio/vnd.dece.audio',NULL,3141202,NULL),(91,2,26,'video/x-ms-wmv',NULL,318457,NULL),(92,3,93,'application/vnd.epson.esf',NULL,403030,NULL),(93,3,65,'application/vnd.webturbo',NULL,2,NULL),(94,1,61,'application/ogg',NULL,101,NULL),(95,1,30,'application/vnd.ms-powerpoint.presentation.ma',NULL,567856058,NULL),(96,1,72,'application/vnd.oasis.opendocument.spreadshee',NULL,70744,NULL),(97,1,58,'application/x-bzip',NULL,755755,NULL),(98,2,49,'video/x-sgi-movie',NULL,481484774,NULL),(99,1,71,'application/vnd.route66.link66+xml',NULL,283349977,NULL),(100,3,21,'image/vnd.fpx',NULL,4225387,NULL);
/*!40000 ALTER TABLE `media` ENABLE KEYS */;
UNLOCK TABLES;

--
-- Table structure for table `media_types`
--

DROP TABLE IF EXISTS `media_types`;
/*!40101 SET @saved_cs_client     = @@character_set_client */;
/*!50503 SET character_set_client = utf8mb4 */;
CREATE TABLE `media_types` (
  `id` int unsigned NOT NULL AUTO_INCREMENT,
  `name` varchar(45) NOT NULL,
  PRIMARY KEY (`id`)
) ENGINE=InnoDB AUTO_INCREMENT=4 DEFAULT CHARSET=utf8;
/*!40101 SET character_set_client = @saved_cs_client */;

--
-- Dumping data for table `media_types`
--

LOCK TABLES `media_types` WRITE;
/*!40000 ALTER TABLE `media_types` DISABLE KEYS */;
INSERT INTO `media_types` VALUES (1,' audio'),(2,' video'),(3,'pic');
/*!40000 ALTER TABLE `media_types` ENABLE KEYS */;
UNLOCK TABLES;

--
-- Table structure for table `messages`
--

DROP TABLE IF EXISTS `messages`;
/*!40101 SET @saved_cs_client     = @@character_set_client */;
/*!50503 SET character_set_client = utf8mb4 */;
CREATE TABLE `messages` (
  `id` int unsigned NOT NULL AUTO_INCREMENT,
  `from_users_id` int unsigned NOT NULL,
  `to_users_id` int unsigned NOT NULL,
  `text` text,
  `created_at` datetime NOT NULL DEFAULT CURRENT_TIMESTAMP,
  `media_id` int unsigned DEFAULT NULL,
  PRIMARY KEY (`id`),
  KEY `fk_messages_users1_idx` (`from_users_id`),
  KEY `fk_messages_users2_idx` (`to_users_id`),
  KEY `fk_messages_media1_idx` (`media_id`),
  CONSTRAINT `fk_messages_media1` FOREIGN KEY (`media_id`) REFERENCES `media` (`id`),
  CONSTRAINT `fk_messages_users1` FOREIGN KEY (`from_users_id`) REFERENCES `users` (`id`),
  CONSTRAINT `fk_messages_users2` FOREIGN KEY (`to_users_id`) REFERENCES `users` (`id`)
) ENGINE=InnoDB AUTO_INCREMENT=101 DEFAULT CHARSET=utf8;
/*!40101 SET character_set_client = @saved_cs_client */;

--
-- Dumping data for table `messages`
--

LOCK TABLES `messages` WRITE;
/*!40000 ALTER TABLE `messages` DISABLE KEYS */;
INSERT INTO `messages` VALUES (1,12,74,'Qui dignissimos non laboriosam non voluptatum aut.','1983-02-03 04:48:35',89),(2,70,79,'Iure rerum praesentium distinctio minus unde.','2000-10-27 19:40:00',2),(3,5,81,'Animi id quia veniam et.','1994-01-22 19:42:23',86),(4,31,97,'Sint repellendus et ut non autem aliquid saepe.','1977-06-08 15:19:23',25),(5,32,70,'Animi eum alias dolorem nulla voluptate.','2004-07-13 10:43:49',80),(6,87,23,'Pariatur qui voluptatem et dolore blanditiis quas.','1988-02-03 06:49:12',35),(7,5,20,'Dolores facere quos sunt sunt velit debitis.','1975-02-05 14:31:02',26),(8,57,1,'Deserunt error iste dignissimos.','1994-07-09 06:28:41',30),(9,65,77,'Rerum repudiandae inventore sit doloribus at accusamus sapiente exercitationem.','2008-10-04 18:29:32',20),(10,83,98,'Veritatis pariatur et ipsam voluptatibus rerum dicta omnis.','1983-08-06 05:33:56',35),(11,9,9,'Facere cum aut illum soluta reiciendis alias voluptatem.','2011-11-21 01:37:02',8),(12,97,79,'Molestiae architecto veniam eos omnis voluptatem.','1987-12-27 07:36:55',87),(13,99,83,'Nisi et quaerat earum.','2000-11-26 02:23:20',67),(14,84,14,'Quia ratione architecto ut ut.','2020-12-24 19:04:45',64),(15,8,46,'Tempora aut at ea distinctio possimus harum.','2005-08-24 23:02:24',33),(16,88,32,'Eos tempora provident laudantium beatae odio magni.','1997-10-19 20:27:57',56),(17,22,37,'Esse possimus id eius totam qui aperiam.','1993-01-03 19:27:59',76),(18,48,93,'Odit aut consequatur quas.','2010-10-15 23:37:05',76),(19,77,57,'Cum animi voluptatem maiores autem.','1986-12-16 07:19:46',52),(20,97,40,'Iusto laboriosam iste est porro esse quidem.','1981-01-14 08:15:37',49),(21,31,48,'Qui qui laborum voluptate eius dolor officia soluta.','1999-03-28 07:42:49',58),(22,39,45,'Qui illo aut consequuntur sunt eum fuga.','1970-05-03 21:23:18',36),(23,25,43,'Impedit minima repellat facilis qui ex.','1994-04-01 08:16:32',19),(24,92,27,'Quibusdam tempore molestiae eligendi vero dolor voluptates.','2007-10-09 10:52:18',33),(25,55,35,'Explicabo aut occaecati esse.','2004-06-22 16:24:55',78),(26,88,22,'Ratione cupiditate sequi vel et sit.','1973-09-20 19:41:31',9),(27,44,44,'A sapiente eligendi sunt nobis cum voluptatem.','1988-10-30 11:48:01',45),(28,19,91,'Totam quidem velit expedita eaque.','1998-01-27 04:58:21',38),(29,94,68,'Esse ut nam ducimus rerum nulla optio earum.','2003-11-25 18:36:21',94),(30,46,64,'Repellendus magnam porro a quam necessitatibus molestiae eum dolor.','1996-04-01 13:07:35',33),(31,95,95,'Adipisci nihil nihil et eum sint quia.','2007-07-05 21:40:14',81),(32,52,34,'Qui odit doloremque in aut veniam.','1988-04-02 04:42:47',25),(33,88,58,'Officia eum rerum corrupti.','2010-07-30 21:43:35',68),(34,7,50,'Officia qui doloribus et iste et assumenda quae temporibus.','1992-01-16 09:40:08',95),(35,39,5,'Quo voluptas non in impedit suscipit.','1981-01-26 08:51:12',29),(36,16,93,'Necessitatibus doloremque vero accusantium voluptas ab at.','1976-05-23 12:52:17',51),(37,25,36,'Sunt similique ad at nisi consequatur reprehenderit asperiores.','1998-01-03 20:38:26',94),(38,70,55,'Molestias fugiat doloribus inventore quidem consequatur dolores delectus aliquid.','1978-11-30 07:35:22',85),(39,7,48,'Rerum quia cumque iure ut.','1975-12-24 12:54:11',52),(40,1,93,'Et enim temporibus fugiat voluptas.','1984-01-06 02:03:28',15),(41,34,87,'Repellendus necessitatibus a minus aut consequatur rerum sed illum.','2000-10-13 02:20:18',9),(42,15,39,'Earum placeat aut aut voluptatem iure et.','1994-03-30 11:12:18',42),(43,40,27,'Est eum quia cupiditate dolorum.','1978-06-19 04:31:23',100),(44,8,33,'Dolorem in dolorem magnam at alias vero.','1983-03-06 00:09:13',50),(45,2,72,'Omnis sit explicabo a.','1993-01-09 14:43:18',54),(46,30,88,'Rem aliquam velit qui voluptas iste accusamus et.','2016-09-21 21:45:52',47),(47,81,13,'Sapiente quia maiores animi.','1999-07-05 06:24:00',82),(48,74,83,'Officia et omnis rem nostrum quisquam dolorem.','2013-05-04 04:32:22',36),(49,58,89,'Possimus commodi natus et sapiente.','1998-04-07 22:36:33',84),(50,9,90,'Numquam aut est corrupti aut et.','2005-02-02 03:32:30',77),(51,24,24,'Quia corporis cupiditate autem nemo et magni.','2001-06-28 13:46:11',64),(52,33,38,'Delectus deleniti fugiat in qui eligendi voluptas.','2007-03-26 01:18:14',2),(53,74,77,'Voluptate ducimus officia consequatur.','1984-01-09 10:02:07',29),(54,74,84,'Voluptatum ut ut cumque accusantium dolor sed praesentium porro.','2020-07-22 05:57:03',62),(55,24,86,'Eveniet nulla deleniti dignissimos dolore non.','1971-08-19 16:23:53',33),(56,77,15,'Fugiat quam ut vel et.','1985-01-25 00:20:32',21),(57,23,96,'Voluptas qui quam adipisci laboriosam possimus.','1976-02-21 00:17:53',33),(58,5,69,'Excepturi dicta laborum expedita similique et deserunt animi.','1983-11-23 09:31:18',15),(59,41,27,'Est et nisi asperiores maxime nulla quo saepe.','1982-04-15 07:09:37',4),(60,24,35,'Et cum repudiandae at eum.','2011-06-23 01:32:06',93),(61,1,58,'Odit consequatur perspiciatis deleniti necessitatibus ab assumenda.','2006-12-18 15:13:09',17),(62,64,91,'Voluptatem doloribus repudiandae iste et quo possimus ratione id.','1993-07-31 11:37:54',54),(63,66,65,'Cumque voluptatem amet consequatur enim voluptatibus consequatur.','1977-04-03 15:24:01',31),(64,94,38,'Voluptatem molestiae ipsam aut facilis.','1997-05-23 03:09:14',14),(65,55,61,'Quis et optio expedita necessitatibus ea itaque labore.','1997-09-20 16:02:53',99),(66,87,38,'Ut quos et est suscipit excepturi.','1992-03-20 02:17:34',14),(67,8,61,'Tempore quo et unde sequi adipisci accusamus.','1992-10-08 22:50:55',9),(68,40,66,'Aut earum itaque magni natus.','1983-06-12 15:06:34',78),(69,54,7,'Itaque consequatur aspernatur nihil eligendi debitis repellendus molestiae.','1987-11-02 00:52:32',4),(70,58,30,'Suscipit repudiandae repellat dolore deleniti fugit pariatur mollitia.','1986-08-28 22:51:35',39),(71,51,31,'Ut voluptatibus enim explicabo minus quae.','1990-10-09 13:41:48',97),(72,67,94,'Tenetur cupiditate assumenda quibusdam.','1986-07-26 23:59:54',87),(73,20,59,'Nobis nemo laborum et molestiae sunt et.','2009-12-15 04:58:12',51),(74,50,52,'Rerum quia nam aut facilis dolorum vel.','1990-12-02 18:56:57',88),(75,64,6,'Alias minima harum velit natus repellat.','1980-05-13 05:47:25',49),(76,63,93,'Iusto fugiat eum earum sint neque minima.','1984-03-24 05:24:47',87),(77,77,100,'Architecto ab qui reprehenderit veniam.','2009-12-07 13:06:15',48),(78,86,40,'Atque et alias iusto ducimus consequuntur eos quia quis.','1989-03-11 06:55:47',14),(79,63,94,'Tempore quas illo eum deserunt qui.','1990-04-15 19:39:55',20),(80,67,51,'Voluptates aspernatur id repellendus laboriosam quia officia consequatur.','1995-04-21 06:35:40',50),(81,5,1,'Blanditiis iusto tenetur laboriosam consequatur placeat adipisci.','1979-05-16 15:07:34',80),(82,1,67,'Rerum ut unde iste assumenda.','2006-04-17 11:04:37',73),(83,87,87,'Dolores est aut veniam in odit autem libero.','2015-02-21 12:13:42',31),(84,37,37,'Incidunt quod sint culpa eos accusantium quia quia.','2017-08-26 00:21:39',83),(85,25,100,'Consectetur eum quas perferendis et.','1994-03-16 11:12:47',89),(86,74,63,'Animi voluptatem autem ex numquam nobis voluptatum.','1998-12-07 13:34:33',81),(87,61,39,'Vel illo quod in iste.','1973-02-25 05:09:32',81),(88,9,25,'In voluptas molestiae aliquam.','1976-10-04 07:33:02',20),(89,22,87,'Totam nihil saepe doloribus molestiae sunt.','2017-05-08 14:14:57',13),(90,41,54,'Autem neque unde voluptatem.','1984-03-02 02:45:25',64),(91,90,58,'Quisquam sed repellat est voluptatem excepturi aliquam ducimus.','1991-05-17 01:53:53',64),(92,69,58,'Quis reprehenderit sunt eos eaque vero consequuntur.','1993-12-05 03:25:10',31),(93,42,45,'Accusamus officia qui vero a voluptatum perspiciatis eos.','1989-01-22 19:36:44',18),(94,72,81,'Labore rerum sit qui delectus est est.','2018-07-22 03:19:05',54),(95,55,6,'Magnam officiis repellendus hic qui omnis autem quas.','1994-06-09 07:30:17',54),(96,43,80,'Iste accusamus nisi laudantium nemo ipsa.','1988-05-04 11:36:29',17),(97,23,40,'Fugiat et consectetur commodi ad.','2013-02-20 09:10:32',56),(98,4,48,'Architecto sapiente dolor praesentium aut rerum.','1991-08-21 18:08:34',80),(99,24,69,'Commodi libero amet voluptates nam qui.','1975-04-02 20:07:51',67),(100,36,10,'Perspiciatis qui labore laudantium magni et rerum corporis fugiat.','2017-07-16 22:13:05',20);
/*!40000 ALTER TABLE `messages` ENABLE KEYS */;
UNLOCK TABLES;

--
-- Table structure for table `posts`
--

DROP TABLE IF EXISTS `posts`;
/*!40101 SET @saved_cs_client     = @@character_set_client */;
/*!50503 SET character_set_client = utf8mb4 */;
CREATE TABLE `posts` (
  `id` int unsigned NOT NULL AUTO_INCREMENT,
  `parent_post_id` int unsigned DEFAULT NULL,
  `users_id` int unsigned NOT NULL,
  `communities_id` int unsigned DEFAULT NULL,
  `text` text,
  `media_id` int unsigned DEFAULT NULL,
  PRIMARY KEY (`id`),
  KEY `fk_posts_posts1_idx` (`parent_post_id`),
  KEY `fk_posts_media1_idx` (`media_id`),
  KEY `fk_posts_communities1_idx` (`communities_id`),
  KEY `fk_posts_users1_idx` (`users_id`),
  CONSTRAINT `fk_posts_communities1` FOREIGN KEY (`communities_id`) REFERENCES `communities` (`id`),
  CONSTRAINT `fk_posts_media1` FOREIGN KEY (`media_id`) REFERENCES `media` (`id`),
  CONSTRAINT `fk_posts_posts1` FOREIGN KEY (`parent_post_id`) REFERENCES `posts` (`id`),
  CONSTRAINT `fk_posts_users1` FOREIGN KEY (`users_id`) REFERENCES `users` (`id`)
) ENGINE=InnoDB AUTO_INCREMENT=201 DEFAULT CHARSET=utf8;
/*!40101 SET character_set_client = @saved_cs_client */;

--
-- Dumping data for table `posts`
--

LOCK TABLES `posts` WRITE;
/*!40000 ALTER TABLE `posts` DISABLE KEYS */;
INSERT INTO `posts` VALUES (1,NULL,71,15,'Cupiditate et quia totam voluptas ipsum eos.',64),(2,NULL,97,1,'Ullam quibusdam sequi consequuntur tenetur minus consequatur quis.',1),(3,NULL,40,11,'Mollitia eos saepe dolore commodi.',11),(4,NULL,28,11,'Ratione ut quia aliquam autem quia.',64),(5,NULL,86,12,'Soluta perspiciatis est officia nam et.',30),(6,NULL,23,15,'Harum earum omnis veritatis cum.',5),(7,NULL,97,13,'Laudantium ut velit natus rerum vel et consequatur voluptates.',50),(8,NULL,10,6,'Similique sint praesentium non quis eum quisquam.',10),(9,NULL,31,2,'Quia aut optio delectus impedit.',32),(10,NULL,92,14,'Consequatur deleniti fuga vero tempora.',51),(11,NULL,70,10,'Praesentium nihil quidem doloremque in.',46),(12,NULL,33,9,'Cupiditate voluptas et qui nihil eveniet.',48),(13,NULL,34,15,'Aspernatur quaerat autem quisquam exercitationem et illum sit.',21),(14,NULL,44,4,'Et illo voluptates rem.',93),(15,NULL,8,2,'Qui perferendis magni quia ipsum commodi odio.',73),(16,NULL,38,6,'Voluptatem natus architecto magnam optio rerum minima iusto.',67),(17,NULL,43,5,'Possimus nihil magnam sit odio.',52),(18,NULL,92,7,'Voluptas quidem distinctio accusamus qui.',89),(19,NULL,2,11,'Minima hic blanditiis totam voluptate.',100),(20,NULL,34,10,'Ullam saepe voluptas in quos earum explicabo omnis.',91),(21,NULL,84,5,'Vero ipsum reprehenderit voluptatem id.',54),(22,NULL,30,10,'Labore voluptates rerum et praesentium est ducimus distinctio.',13),(23,NULL,77,15,'Iusto illum dolores sunt occaecati omnis et quasi.',11),(24,NULL,97,7,'Repellat alias ea sed.',36),(25,NULL,90,8,'Animi iure rerum perferendis aut.',47),(26,NULL,63,13,'Delectus voluptatem at esse excepturi nam quo.',81),(27,NULL,29,5,'Omnis voluptates dolore velit et ab eligendi ea.',12),(28,NULL,80,4,'Porro deserunt consequatur qui blanditiis aspernatur consequatur ut.',52),(29,NULL,69,4,'Culpa nobis quia architecto.',24),(30,NULL,68,9,'Eum quaerat ea et dignissimos.',87),(31,NULL,59,6,'Neque saepe tenetur est et consequuntur a.',18),(32,NULL,12,11,'Dolorem cum itaque in id ullam.',83),(33,NULL,24,7,'Qui velit enim perferendis omnis vitae voluptatum aperiam et.',80),(34,NULL,35,7,'Vel quia pariatur qui excepturi.',21),(35,NULL,70,5,'Eligendi aut ipsam et iste.',70),(36,NULL,17,15,'Voluptatibus dolores ullam quis totam maiores.',56),(37,NULL,98,4,'Quis sed occaecati repellendus libero et.',85),(38,NULL,9,1,'Ducimus autem nam sed ex soluta consequatur quisquam voluptas.',5),(39,NULL,61,11,'Nisi illum doloremque unde tenetur.',26),(40,NULL,84,6,'Consectetur error sed ratione et quaerat natus.',81),(41,NULL,71,15,'Deserunt laudantium voluptas debitis quisquam eum in.',20),(42,NULL,88,2,'Fugit eum aut omnis.',88),(43,NULL,71,5,'Quisquam dolorum temporibus pariatur ut odio et.',33),(44,NULL,50,11,'Aut id cupiditate omnis.',75),(45,NULL,71,6,'Amet enim cum molestiae dolorum nihil ut.',7),(46,NULL,41,9,'Adipisci qui eum ea fugiat repellendus.',1),(47,NULL,97,8,'Delectus fuga odit quas natus.',24),(48,NULL,81,9,'Harum quos repellendus ut saepe adipisci optio aut culpa.',26),(49,NULL,85,3,'Quas rerum rerum voluptatibus et.',97),(50,NULL,11,1,'Et ut odit autem dolores.',35),(51,NULL,92,12,'Ut eos consequatur sapiente nam commodi aperiam asperiores.',32),(52,NULL,12,10,'Laborum aut corporis et consequatur omnis.',41),(53,NULL,99,5,'Doloribus tenetur consequatur reiciendis mollitia qui deserunt.',74),(54,NULL,32,13,'Cupiditate autem aut illum expedita.',41),(55,NULL,7,8,'Omnis accusantium quia officiis voluptas similique minus unde.',78),(56,NULL,14,14,'Quia praesentium cumque ea qui corporis.',32),(57,NULL,14,14,'Nobis necessitatibus tempora sapiente.',83),(58,NULL,38,11,'Dolor unde non reprehenderit.',42),(59,NULL,64,9,'Quas consequatur aut voluptas dicta quis et in.',61),(60,NULL,60,10,'Voluptas fuga alias labore nulla fuga eveniet est.',65),(61,NULL,95,9,'Laboriosam doloremque perspiciatis dolorem molestias.',38),(62,NULL,27,11,'Repellendus dolores quia eius.',99),(63,NULL,68,10,'Quia laborum nesciunt nobis quia ut.',31),(64,NULL,42,15,'Quod est sit dolorum minus ut ea.',12),(65,NULL,83,1,'Accusamus sit delectus rerum similique quia recusandae quae.',64),(66,NULL,60,3,'Incidunt eos autem dolorum ad sed error totam quaerat.',56),(67,NULL,92,5,'Maxime aut harum blanditiis alias est.',45),(68,NULL,74,11,'Ut amet iusto mollitia deserunt.',15),(69,NULL,15,5,'Dolorem voluptatem veritatis consequatur.',69),(70,NULL,76,14,'Fuga quia iste molestias ullam.',34),(71,NULL,40,14,'Adipisci fugiat consectetur illo minima laboriosam.',91),(72,NULL,77,2,'Est et voluptatem qui id nesciunt recusandae exercitationem corporis.',59),(73,NULL,76,13,'Non laudantium reiciendis sed.',25),(74,NULL,7,4,'Ut quam eligendi nisi est.',24),(75,NULL,18,1,'At aperiam labore doloribus voluptatem ut cumque eos.',29),(76,NULL,82,10,'Optio impedit sapiente rerum rerum voluptatem velit.',47),(77,NULL,38,9,'Veritatis et sit modi magnam eveniet enim numquam.',79),(78,NULL,83,5,'Repellat dignissimos id non nostrum.',49),(79,NULL,97,7,'Minus laboriosam qui est voluptatum.',82),(80,NULL,65,3,'Occaecati aut sint et placeat itaque voluptas amet.',74),(81,NULL,99,9,'Quisquam explicabo corporis voluptate sit ipsa.',61),(82,NULL,89,6,'Rerum est rerum voluptas nihil.',74),(83,NULL,47,2,'Eius et maiores sint placeat ullam eligendi sunt.',54),(84,NULL,72,3,'Incidunt vel quidem minus.',76),(85,NULL,95,6,'Deleniti accusamus inventore ut voluptas quibusdam quia rem.',79),(86,NULL,23,3,'Laboriosam perferendis distinctio maiores porro.',43),(87,NULL,70,9,'Illum laudantium iusto officiis occaecati.',98),(88,NULL,49,6,'Soluta dolor voluptate numquam.',27),(89,NULL,97,5,'Odit molestias dolorum quod reprehenderit.',70),(90,NULL,78,15,'Illo voluptates non dolorum sunt numquam.',89),(91,NULL,52,15,'Sunt omnis incidunt eum ipsa facere nemo.',47),(92,NULL,12,13,'Voluptas doloremque dolores natus rem.',82),(93,NULL,85,5,'Consequatur consequatur unde delectus quod dolore.',93),(94,NULL,39,1,'Eos voluptatem quae itaque molestiae labore provident.',10),(95,NULL,14,15,'Corrupti odit corporis sit sunt cum.',45),(96,NULL,93,4,'Nam aut nulla at harum possimus corrupti.',61),(97,NULL,36,14,'Architecto totam libero harum rerum asperiores voluptatem.',15),(98,NULL,33,6,'Eius impedit fugit eos ad nam quae.',50),(99,NULL,59,6,'Pariatur iusto odio fugiat impedit possimus sed.',83),(100,NULL,29,2,'Ipsa quia corrupti ducimus labore excepturi.',79),(101,NULL,17,10,'Voluptatem expedita ut et corporis recusandae explicabo fugiat.',74),(102,NULL,63,12,'Animi voluptatum nemo tempora quia rerum quis.',58),(103,NULL,45,9,'Ullam et cumque dolore maxime.',89),(104,NULL,37,15,'Corrupti repellendus aut placeat et.',92),(105,NULL,47,2,'Eum qui similique laborum excepturi eum est.',89),(106,NULL,91,1,'Quo dolore eos non atque occaecati sunt vel.',9),(107,NULL,51,6,'Maxime sunt dolorem voluptas aspernatur.',99),(108,NULL,65,11,'Repellat quam est dolores at pariatur.',36),(109,NULL,15,5,'Odit architecto nisi et sunt dolorum.',71),(110,NULL,97,9,'Inventore qui reprehenderit fugit exercitationem.',83),(111,NULL,76,12,'Quas voluptas eos eius facilis non.',47),(112,NULL,50,6,'Suscipit nostrum nulla adipisci cumque sit.',22),(113,NULL,8,13,'Animi molestiae vel maiores.',81),(114,NULL,97,3,'Facilis excepturi perferendis et et aperiam sint.',79),(115,NULL,88,10,'Deleniti accusantium voluptatem consequatur qui modi soluta minus.',90),(116,NULL,76,9,'Blanditiis quia expedita quas perferendis.',95),(117,NULL,84,1,'Id vel quidem accusamus accusamus ut rerum cumque officiis.',34),(118,NULL,82,11,'Cupiditate consectetur commodi est culpa qui velit ut.',7),(119,NULL,18,13,'Cumque quasi ut molestias.',38),(120,NULL,89,13,'Laudantium illo aut porro.',97),(121,NULL,72,9,'Sapiente qui voluptatem praesentium facilis.',73),(122,NULL,18,2,'Fuga perspiciatis explicabo placeat esse dolores aliquam voluptatem.',11),(123,NULL,39,3,'Pariatur placeat suscipit sint odit praesentium quaerat.',94),(124,NULL,20,2,'Hic aut dolorum voluptates corrupti occaecati tenetur alias.',13),(125,NULL,98,15,'Et eveniet ullam temporibus aut corporis fugit.',79),(126,NULL,88,12,'Est consequatur autem nulla est sapiente quibusdam.',35),(127,NULL,82,9,'Quo accusamus assumenda tenetur dolorum incidunt numquam dolore.',42),(128,NULL,16,7,'Nisi nobis sapiente deleniti explicabo optio sed.',13),(129,NULL,22,9,'Veritatis esse sapiente non voluptas esse aut ea.',100),(130,NULL,59,7,'Similique ut tempore tenetur rem praesentium enim ullam.',83),(131,NULL,56,3,'Veniam beatae est recusandae doloribus ut quam.',42),(132,NULL,28,6,'Aspernatur ipsum ut eos maiores.',51),(133,NULL,38,12,'Ut impedit ut corporis nisi modi error ut illum.',68),(134,NULL,32,14,'Amet incidunt sunt repellat quisquam vel aliquid tempore.',80),(135,NULL,45,14,'Consequuntur non non vero qui rerum maiores aliquam.',80),(136,NULL,23,12,'Consequatur vel quod odit quas nam.',55),(137,NULL,58,9,'Corrupti quia rerum illo quae distinctio aut.',14),(138,NULL,99,12,'Occaecati voluptatem eos et nostrum nihil et consectetur.',54),(139,NULL,11,15,'Est pariatur qui occaecati corrupti earum aut.',12),(140,NULL,11,9,'Molestias quia qui quo et dolore aliquam voluptatum.',59),(141,NULL,93,2,'Sed eveniet sit adipisci cumque.',76),(142,NULL,35,6,'Dolores maxime et voluptas illum odit.',11),(143,NULL,86,12,'Fugiat omnis doloremque recusandae cupiditate.',85),(144,NULL,53,2,'Maiores magnam vel distinctio qui expedita.',77),(145,NULL,33,8,'Quos voluptatem aut et iste.',68),(146,NULL,12,12,'Voluptates qui aut omnis deleniti veritatis delectus.',45),(147,NULL,67,5,'Placeat asperiores veniam eum corrupti nihil illum ut.',5),(148,NULL,80,5,'Omnis excepturi deserunt pariatur quo.',80),(149,NULL,33,7,'Et alias nam voluptatem.',76),(150,NULL,45,8,'In officiis tempore quis eaque.',32),(151,NULL,4,7,'Quod ab pariatur sit ipsum rem aperiam possimus.',43),(152,NULL,79,12,'Dolorem placeat et nihil quibusdam qui.',81),(153,NULL,90,10,'Et facere molestias est nemo et.',57),(154,NULL,75,3,'Est quia eveniet temporibus aspernatur corrupti vel ut.',64),(155,NULL,51,8,'Debitis sit voluptas doloremque et itaque dicta iste.',15),(156,NULL,19,10,'Natus quos neque quia.',89),(157,NULL,63,5,'Temporibus repellat sed quae aut aut ducimus.',20),(158,NULL,67,1,'Illum incidunt maxime omnis.',49),(159,NULL,46,6,'Aut eum et sit minus magnam unde.',89),(160,NULL,22,13,'Fugit cumque voluptatem est dolorum et aperiam.',39),(161,NULL,54,14,'Qui aut autem impedit quos possimus.',82),(162,NULL,97,10,'Enim rerum tempora explicabo dignissimos autem.',60),(163,NULL,77,9,'Et quisquam quibusdam hic consequatur nihil quia doloremque.',23),(164,NULL,33,5,'Mollitia eum aut omnis ut reprehenderit adipisci.',39),(165,NULL,97,13,'Dolorum dignissimos error nesciunt explicabo.',88),(166,NULL,11,15,'Id tempora aliquid et dolores porro laudantium.',49),(167,NULL,100,10,'Corporis est ut autem nihil labore.',76),(168,NULL,19,5,'Voluptatum illum vel rem sed non rerum quia.',82),(169,NULL,68,12,'Accusamus cumque dolor libero eligendi voluptatem recusandae iste.',21),(170,NULL,56,15,'Molestiae minima aut et quam facilis.',5),(171,NULL,95,8,'Consequuntur totam enim velit deserunt labore.',92),(172,NULL,76,7,'Accusamus itaque voluptatem mollitia hic.',58),(173,NULL,35,4,'Mollitia magnam incidunt reiciendis ex eos.',13),(174,NULL,58,9,'Et iusto numquam ut reiciendis similique occaecati.',43),(175,NULL,97,8,'Consequatur eveniet quia corrupti quo.',24),(176,NULL,84,10,'Et libero delectus possimus.',23),(177,NULL,32,10,'Et dolorum voluptate optio explicabo.',85),(178,NULL,7,13,'Iste ut ipsa magni porro non.',13),(179,NULL,89,8,'Consequatur ut sed hic.',87),(180,NULL,9,1,'Eum ab exercitationem laboriosam omnis distinctio impedit.',84),(181,NULL,13,15,'Voluptatibus iste doloribus aut unde.',34),(182,NULL,4,11,'Deleniti hic libero atque quis et.',80),(183,NULL,61,2,'Fuga ad alias quis tempora totam.',3),(184,NULL,74,10,'Eligendi eaque sunt dolor consequatur expedita deserunt in magnam.',59),(185,NULL,17,10,'Assumenda quia quas vitae velit.',11),(186,NULL,41,7,'Sed possimus quisquam non non.',74),(187,NULL,63,12,'Fuga tempora dolores aut ut recusandae illum ducimus et.',36),(188,NULL,47,13,'Consequuntur sunt in eos neque.',16),(189,NULL,60,11,'Aut autem et eius deserunt velit tempore sit.',64),(190,NULL,47,13,'Fugit quas error quas deleniti non dignissimos.',67),(191,NULL,30,14,'Non animi dolore suscipit nisi voluptatibus voluptatem.',64),(192,NULL,64,15,'Et quia nihil laudantium sit.',37),(193,NULL,43,9,'Eveniet qui maxime temporibus enim vitae ut voluptatibus.',45),(194,NULL,46,5,'Placeat distinctio et laborum culpa aut.',11),(195,NULL,4,8,'Non enim tempora laudantium.',73),(196,NULL,14,14,'Sunt necessitatibus distinctio aliquam.',18),(197,NULL,87,8,'Saepe ipsum aspernatur pariatur.',95),(198,NULL,22,15,'Aut tempore impedit nobis in ut.',80),(199,NULL,38,9,'Iusto pariatur ut sunt repellendus.',52),(200,NULL,1,1,'Dolor sit sit qui saepe quisquam laudantium.',33);
/*!40000 ALTER TABLE `posts` ENABLE KEYS */;
UNLOCK TABLES;

--
-- Table structure for table `profiles`
--

DROP TABLE IF EXISTS `profiles`;
/*!40101 SET @saved_cs_client     = @@character_set_client */;
/*!50503 SET character_set_client = utf8mb4 */;
CREATE TABLE `profiles` (
  `users_id` int unsigned NOT NULL,
  `firstname` varchar(245) NOT NULL COMMENT 'имя',
  `lastname` varchar(245) NOT NULL COMMENT 'фамилия',
  `birthday` datetime NOT NULL,
  `gender` enum('m','f','x') NOT NULL,
  `address` varchar(245) DEFAULT NULL,
  `created_at` datetime NOT NULL DEFAULT CURRENT_TIMESTAMP,
  `media_id` int unsigned DEFAULT NULL COMMENT 'аватар',
  PRIMARY KEY (`users_id`),
  KEY `fk_profiles_users_idx` (`users_id`),
  KEY `firstname_lastname_idx` (`lastname`,`firstname`),
  KEY `fk_profiles_media1_idx` (`media_id`),
  CONSTRAINT `fk_profiles_media1` FOREIGN KEY (`media_id`) REFERENCES `media` (`id`),
  CONSTRAINT `fk_profiles_users` FOREIGN KEY (`users_id`) REFERENCES `users` (`id`)
) ENGINE=InnoDB DEFAULT CHARSET=utf8;
/*!40101 SET character_set_client = @saved_cs_client */;

--
-- Dumping data for table `profiles`
--

LOCK TABLES `profiles` WRITE;
/*!40000 ALTER TABLE `profiles` DISABLE KEYS */;
INSERT INTO `profiles` VALUES (1,'Christy','Ortiz','1975-11-21 03:38:14','f','9537 Dwight Alley Suite 388\nSchuppeborough, AK 26584-1701','2014-07-09 00:59:47',88),(2,'Jaylen','Wiegand','1974-12-21 06:25:06','f','21008 Nader Park\nWindlermouth, IA 33306-8325','2017-07-02 12:30:27',36),(3,'Esta','Veum','2011-11-26 00:58:27','x','793 Dickens River\nNorth Zechariah, AR 04018','2017-08-02 00:04:57',28),(4,'Kali','Batz','2004-09-11 09:51:18','x','480 Eriberto Gateway\nKeelingside, WI 77008-7977','1996-02-26 01:14:18',90),(5,'Antonia','Morar','2019-07-30 16:33:46','x','653 Gaetano Grove\nPort Chelseytown, WV 31122-8576','1989-10-29 15:56:17',1),(6,'Colin','Jenkins','1997-08-31 16:23:15','f','303 Keyon Causeway Apt. 180\nEast Madonna, OH 84252','1994-04-20 20:08:00',84),(7,'Maci','Gislason','1981-02-13 10:13:25','f','6731 Grimes Mission Suite 664\nDaphneyville, DE 71440','1978-12-13 20:16:14',40),(8,'Frances','Stoltenberg','1974-07-23 08:56:32','x','45652 Zelda Views\nNew Elwyn, FL 08341','2001-01-02 16:00:32',28),(9,'Camylle','Stroman','2013-04-20 22:07:08','f','030 Darron Crescent Suite 292\nSouth Eliezerchester, AR 04949-7467','1977-03-25 13:27:07',41),(10,'Alfonzo','Reichert','1996-02-11 18:45:54','m','557 Cassin Street Suite 732\nPort Margie, KY 00137','1990-03-08 11:22:59',24),(11,'Courtney','Kreiger','2006-12-06 11:20:26','f','480 Balistreri Causeway Apt. 476\nEast Cristopherfurt, NE 41589','1991-12-30 13:23:46',12),(12,'Greg','Jones','1970-10-07 07:41:47','m','50320 Rudy Rapid Suite 531\nLake Tremayne, TX 17333-4501','1971-04-10 14:35:35',45),(13,'Edgardo','Wiegand','1975-09-13 01:56:25','m','1609 Dicki Port\nJevonmouth, AK 12059-1899','2016-01-11 16:17:05',84),(14,'Suzanne','Gerhold','2015-12-21 21:11:16','m','0522 Quigley Hills Suite 718\nLake Korbin, TX 65206','1992-05-25 08:40:22',29),(15,'Lia','Zieme','1990-06-28 16:02:14','f','47041 Kris Mount\nNew Maye, MN 08059','1995-02-10 01:43:01',23),(16,'Alverta','Zboncak','2010-01-20 16:36:18','m','703 Ole Cape\nCooperfort, AL 54224','2020-07-30 05:35:24',43),(17,'Carleton','Farrell','1990-01-30 09:29:06','x','327 Amelia Route Apt. 368\nBotsfordville, MD 67712-0480','1989-03-19 06:00:44',91),(18,'Ursula','Dietrich','2001-08-25 08:00:45','m','92744 Douglas Court Apt. 776\nErikfort, CO 48128','1985-02-14 11:01:50',30),(19,'Jerrell','Steuber','1976-06-10 04:45:04','m','99051 Deontae Mission\nNorth Keenanburgh, ID 01742-2429','2017-12-26 13:14:52',69),(20,'Ernesto','Lynch','2004-12-06 04:12:46','x','279 Ashlynn Trace\nHaagview, ME 34198-6396','1974-01-30 16:06:47',91),(21,'Gregorio','Schroeder','1977-06-25 13:10:18','f','984 Napoleon Springs Apt. 824\nEast Cordeliastad, ME 33176','2007-08-05 09:49:51',14),(22,'Felicita','Kessler','2019-01-03 21:24:07','x','996 Jeffery Rapids\nPaulineland, SD 36250','1998-08-05 11:00:52',15),(23,'Chyna','Larkin','2019-03-11 06:10:17','x','1906 Faye Skyway Apt. 595\nLake Talon, DE 28043','2001-02-11 07:23:32',61),(24,'Soledad','Hansen','1983-10-21 00:20:58','m','501 Goyette Bridge Apt. 843\nSouth Prudence, FL 71781-1847','1996-06-04 12:13:09',67),(25,'Lionel','Bailey','1976-07-24 21:23:49','x','6368 Maryse Loaf Apt. 636\nSouth Alexaville, TN 80501','1980-08-28 14:03:32',1),(26,'Emelie','Hoppe','2015-05-04 22:25:39','m','24810 Dax Land\nEast Gabrielleside, KY 38859-9932','1978-05-15 18:48:19',19),(27,'Tate','Cormier','2009-02-03 17:03:38','m','207 Kris Springs Suite 459\nSouth Brennonland, ID 28710','1975-11-21 15:23:06',19),(28,'Lyda','Friesen','2019-01-17 17:44:03','f','544 Schimmel Circle\nNew Blaze, DC 01684-0531','1994-04-24 13:57:43',27),(29,'Lucio','Connelly','2010-09-02 19:08:35','m','10013 Uriah Courts Apt. 567\nMerlinstad, MS 08695','2013-02-05 17:26:32',27),(30,'Lucile','Ruecker','2013-12-18 15:46:06','x','224 Zelda Meadows Apt. 432\nEast Nels, PA 02875','2000-03-12 14:34:40',4),(31,'Gunnar','Considine','1970-03-14 00:03:57','f','4610 Kemmer Trafficway\nRomagueraberg, DE 68054','1970-05-27 22:24:31',24),(32,'Domenico','Jones','1987-03-12 06:22:14','x','599 Johnnie Rapid Apt. 136\nMohammedside, VT 09514-8229','1995-11-07 15:59:28',14),(33,'Ernestina','Brakus','1988-10-12 09:52:57','f','303 Christ Lodge\nPort Wallace, DE 07267-4502','2004-06-17 21:42:00',39),(34,'Nikolas','Medhurst','1987-02-10 03:23:55','m','47758 Wyman Radial Suite 729\nSouth Lucio, OK 90345-9325','1981-09-09 06:33:27',51),(35,'Myrna','Kunde','1990-10-26 11:50:53','x','9771 Mertz Valley\nJameyburgh, NV 02958','2000-10-28 18:04:04',4),(36,'Calista','Luettgen','2015-03-20 04:41:11','x','564 Jonatan Lodge Suite 483\nNew Royal, WI 85423','1970-04-18 04:36:59',40),(37,'Fermin','Swaniawski','1986-01-15 09:41:33','f','0242 Vicky Station Suite 312\nPort Monique, AL 02305-1960','1990-04-17 11:56:05',35),(38,'Jackie','Welch','1976-12-12 08:25:57','f','436 Collier Crossing Apt. 559\nSchaeferview, OK 57782','2007-02-19 10:10:40',44),(39,'Tommie','Cartwright','1999-05-13 00:49:59','m','539 Irma Fort\nNorth Shakiratown, AR 01247','2002-10-17 11:18:42',67),(40,'Rossie','Price','1982-11-12 20:57:14','m','336 Patricia Islands Suite 489\nHammesport, ID 13794-5243','1973-10-03 18:11:30',75),(41,'Camron','Stroman','1972-10-10 01:09:52','x','3646 Fadel Pass\nNorth Ottilietown, NH 46426','1980-03-17 22:34:17',68),(42,'Hadley','Rowe','2019-07-08 18:19:47','m','67747 Timothy Land Suite 371\nCartershire, TX 51135-1612','2020-01-26 21:40:44',79),(43,'Lorine','Prohaska','1990-09-06 02:30:56','m','0016 Kling Greens\nLake Zellabury, UT 31218-1878','2004-12-06 05:08:45',19),(44,'Omari','Fritsch','1986-12-08 02:40:56','f','101 Frieda Parkways\nNorth Karleyburgh, TN 53970','2016-07-15 13:27:30',51),(45,'Charity','Monahan','1975-03-07 17:14:52','x','3976 Matilda Road\nRowefort, PA 74208','1996-11-11 13:21:01',7),(46,'Janessa','Koch','1973-05-30 09:13:02','f','14153 Ryan Roads\nEast Araceliside, WA 83334','1996-11-29 20:56:11',42),(47,'Fredrick','Williamson','2014-12-15 23:23:36','f','3853 Elisa Village Apt. 137\nEast Cortneyfort, CA 86149','1990-01-11 09:57:41',93),(48,'Nicklaus','Raynor','1987-04-03 06:36:39','f','61515 Leuschke Ways Suite 865\nHagenesland, VA 20524-4035','2008-07-03 07:18:36',97),(49,'Carmella','Rogahn','2018-01-12 14:37:08','x','07094 Lang Coves\nDonnellyberg, MD 56257-9730','1990-06-12 11:07:16',71),(50,'Torrance','Bins','1978-09-23 01:14:35','f','971 Tessie Run Apt. 005\nAidanchester, NM 36388','1994-06-10 13:13:50',62),(51,'Clementine','Harvey','2007-07-13 15:50:13','f','728 Hirthe Ford Suite 777\nSouth Kaciemouth, TN 27319-7268','2002-02-11 03:05:30',88),(52,'Gia','Williamson','1994-11-05 03:28:36','x','2872 Emil Squares\nPort Ryleyside, NY 65341','2004-10-02 11:24:46',85),(53,'Elissa','Schultz','1993-08-25 03:08:19','x','429 Haag Bypass Suite 453\nSouth Alene, NC 64330','1973-05-08 05:27:54',76),(54,'Mariah','Legros','1978-05-25 14:49:54','m','269 Hickle Ville Suite 679\nPort Lorna, OR 15540','2019-05-18 02:56:21',48),(55,'Jordane','Skiles','1971-11-20 07:23:51','x','88805 Franecki Trafficway Suite 653\nOsvaldoport, WY 90624-0407','1987-12-30 03:03:09',51),(56,'Afton','Frami','1972-01-07 12:45:42','f','341 Ladarius Unions Suite 203\nCollinsfort, MN 42405','1992-04-11 20:19:26',76),(57,'Chanelle','Goldner','2012-05-06 17:40:36','f','07315 Rice Ports\nSanfordtown, WV 98120','1994-03-07 01:32:51',67),(58,'Melissa','Gottlieb','1989-10-01 23:09:10','f','17569 Murray Mill Apt. 921\nHoegerchester, MN 70925','1970-09-21 17:38:57',70),(59,'June','Lehner','1982-07-12 03:07:02','m','441 Kellie Dale\nSusanfurt, MI 60851-6031','2005-01-31 22:24:14',3),(60,'Madalyn','Dickens','1981-07-15 22:48:50','f','0160 Drake Underpass Apt. 759\nGianniburgh, MN 17129','1990-05-02 03:13:07',93),(61,'Allene','Gibson','2019-10-26 18:21:47','m','92584 Dennis Locks Suite 830\nNorth Remingtonside, NJ 82240','1977-06-04 01:11:56',74),(62,'Dino','Dibbert','1984-07-19 21:57:53','x','7768 Gutkowski Center\nThomaschester, MS 60843','1984-07-24 01:05:16',27),(63,'Jasen','Hermiston','1973-09-04 05:24:25','f','736 Sipes Oval Apt. 380\nKautzerland, LA 69831-2730','2012-11-22 22:23:31',7),(64,'Vita','Boehm','1973-12-15 01:46:05','x','35364 Armstrong Forks\nNorth Dion, NE 59943','1973-11-18 09:37:04',12),(65,'Jacynthe','Ritchie','1971-02-06 19:33:14','x','0504 Parker Harbor\nBaumbachside, OR 23195','1989-07-13 21:59:41',77),(66,'Caleigh','Bauch','2017-06-30 09:14:23','f','7229 Kohler Well Apt. 173\nCristopherfort, MN 91215','2008-03-22 02:09:31',11),(67,'Domenic','Langosh','1975-05-10 22:23:41','f','9444 Rosie Lane Suite 362\nDickishire, NV 95264','1982-09-08 10:02:20',52),(68,'Lennie','Hagenes','1974-09-04 17:47:11','f','867 O\'Keefe Stream Apt. 087\nWest Garnett, CA 22115','1983-11-04 10:01:56',12),(69,'Zora','Kozey','1975-10-03 23:54:47','f','4808 Rogahn Squares Suite 225\nElodyborough, ME 11489-4643','1989-12-03 17:37:01',55),(70,'Gwendolyn','Hettinger','1986-03-04 11:19:36','f','4878 Aryanna Mountain Apt. 233\nSouth Emery, NH 50342-4004','1995-02-12 13:50:54',19),(71,'Carolina','Hyatt','2003-06-13 20:55:31','x','141 Chandler Oval\nNew Marcellusstad, MN 57067-9220','1972-07-31 18:18:16',87),(72,'Moises','Rolfson','1983-10-09 04:42:58','m','631 McKenzie Via\nAngelineside, KS 74429','2013-10-25 16:15:19',22),(73,'Isom','Rippin','2010-05-18 16:45:28','x','4717 Victor Inlet Suite 309\nBednarville, ID 26683','2020-07-01 07:04:15',97),(74,'Candida','Smitham','2007-05-25 21:29:37','f','059 Leffler Fork\nNorth Leliafurt, ME 05103','2008-03-28 15:42:36',5),(75,'Madalyn','Kunde','1973-08-07 18:07:21','m','96058 Von Parks Apt. 893\nLake Clydestad, KS 45716','2018-07-15 19:27:36',72),(76,'Rosa','Klein','2000-11-12 17:33:33','m','324 Trycia Ports\nEast Hal, KY 38067','2009-06-03 00:11:18',3),(77,'Ottis','Hammes','1976-11-26 02:54:23','f','29693 Clotilde Garden\nPort Colbyfort, DE 90778-6296','1992-08-25 20:57:00',47),(78,'Bria','Hudson','1984-03-07 07:53:11','m','26768 Maida Meadows\nNorth Bridiehaven, VA 87832-2493','1972-05-13 12:52:44',64),(79,'Arnoldo','Koepp','2006-05-11 19:42:48','m','621 Schaden Mission\nErickaburgh, WV 44653','2003-06-30 01:23:58',100),(80,'Ariane','Orn','2015-01-04 00:19:29','x','301 Emelia Corners\nWest Christelle, IN 52066-8631','1988-07-08 01:36:37',18),(81,'Destinee','Gerlach','2001-03-14 03:59:51','x','58307 Heathcote Field Apt. 145\nStoltenbergberg, ME 19891-3712','1981-04-28 20:41:45',26),(82,'Kaleb','Fritsch','1978-05-31 09:59:00','x','9645 Wilkinson Ranch Suite 765\nPetraborough, AL 36939','1999-01-02 15:24:26',87),(83,'Ignacio','Jacobson','1970-05-05 16:40:55','m','1763 Grimes Circles Apt. 974\nPort Wade, NH 02802','2009-06-17 12:19:26',2),(84,'Harvey','Hahn','1972-07-09 13:15:04','m','56063 Tromp Overpass\nJensenberg, NY 34615-3122','1978-06-11 12:23:05',1),(85,'Jalyn','Kris','2018-08-03 17:36:07','x','8334 Berge Burg\nFlorineborough, NH 91379','1979-01-09 06:03:57',35),(86,'Tyrell','Leuschke','2000-09-26 09:07:12','x','72137 O\'Conner Branch\nBartellfort, NV 31988','2013-10-07 15:38:02',53),(87,'Kacie','Littel','1987-03-28 09:47:36','x','74453 Sigrid Circle\nSouth Kendra, DE 92694-7667','2019-01-09 22:56:54',77),(88,'Francesca','Rowe','2011-10-31 09:55:49','f','472 Jeffrey Field Apt. 504\nDemondstad, ND 55221-3301','1996-05-12 01:35:05',1),(89,'Giles','Witting','1973-10-29 09:56:23','m','9075 Katelyn Estate\nBernhardfort, NH 44010-5741','2012-06-16 06:48:00',23),(90,'Myrtis','Lebsack','2005-04-24 20:42:43','x','44606 Destini Squares Apt. 590\nNew Abagail, SD 20333-8086','1972-07-18 19:53:15',79),(91,'Dejuan','Hessel','1988-09-02 14:38:14','f','19103 Rice Lodge Apt. 910\nLake Allan, GA 38773','1977-06-24 03:08:27',94),(92,'Samson','Kreiger','1991-08-12 15:06:45','f','62313 Osinski Brook\nNorth Damon, MI 38964-2036','2003-09-30 14:04:47',96),(93,'Tad','Metz','2014-10-28 03:38:52','m','48918 Mavis Dale\nNorth Gunner, OK 10313','2014-11-21 13:16:09',6),(94,'Shyann','Rohan','1971-04-19 12:19:37','f','025 Sauer Expressway Apt. 722\nKeelingland, LA 16615','1993-12-21 23:07:57',1),(95,'Tyshawn','Wisoky','1982-09-03 11:48:08','x','9876 Annalise Forge Apt. 471\nGerholdburgh, OH 01432-3020','1995-06-15 11:26:39',8),(96,'Kacie','Dooley','2015-04-17 00:09:41','x','257 Mann Drive\nGerlachfurt, OH 34082-2252','1991-09-26 14:31:38',82),(97,'Theodore','Rogahn','1979-09-26 20:51:58','x','21140 Gulgowski Terrace\nMurrayport, LA 15880-3382','1981-05-23 12:18:24',12),(98,'Kaylee','Stroman','1978-11-28 22:23:09','m','781 Burdette Pass Apt. 261\nPort Amy, FL 10545','2004-09-23 07:20:52',59),(99,'Brendon','Thiel','1998-01-29 05:04:22','f','203 Gottlieb Port Apt. 529\nLake Tad, NV 13422-9087','2002-01-21 22:28:07',94),(100,'Mariana','Schaden','2003-08-11 21:12:44','f','997 Sipes Rest Suite 246\nNew Keira, SC 56153-0255','1991-06-02 12:28:53',66);
/*!40000 ALTER TABLE `profiles` ENABLE KEYS */;
UNLOCK TABLES;

--
-- Table structure for table `users`
--

DROP TABLE IF EXISTS `users`;
/*!40101 SET @saved_cs_client     = @@character_set_client */;
/*!50503 SET character_set_client = utf8mb4 */;
CREATE TABLE `users` (
  `id` int unsigned NOT NULL AUTO_INCREMENT,
  `email` varchar(245) NOT NULL,
  `phone` bigint NOT NULL,
  `password_hash` char(64) DEFAULT NULL,
  PRIMARY KEY (`id`),
  UNIQUE KEY `email_UNIQUE` (`email`),
  UNIQUE KEY `phone_UNIQUE` (`phone`)
) ENGINE=InnoDB AUTO_INCREMENT=101 DEFAULT CHARSET=utf8;
/*!40101 SET character_set_client = @saved_cs_client */;

--
-- Dumping data for table `users`
--

LOCK TABLES `users` WRITE;
/*!40000 ALTER TABLE `users` DISABLE KEYS */;
INSERT INTO `users` VALUES (1,'leila.boyle@example.net',79009941673,'50c6510603b8e7a4333047e6d30c5ed5d25e9a4c'),(2,'gschuster@example.com',79009514061,'9618c0b88d970414c34dfd95b6c76c39b03b0630'),(3,'lucio05@example.com',79009502411,'f9aa17b162198831bed123e78097d3b2359ba29d'),(4,'kacie.mcclure@example.net',79009784718,'402dda3200242f09472205aa2e91fe0e073ddd46'),(5,'rylan.ferry@example.org',79009741197,'312b61d546dd8f78dbd564af41d3847cc3308b9b'),(6,'fae.kautzer@example.net',79009964088,'7a480182eebdf4c1e4f1470bdc61e091a1da408a'),(7,'nick72@example.org',79009191490,'946929a67f3fd9a15bfbffe5f8f505b1ea8f0833'),(8,'vnolan@example.org',79009274355,'06b05c076e3954598fdeacb940fac5cd5650acd7'),(9,'hstoltenberg@example.net',79009551869,'011adec556fc92f57051471a4226166023859809'),(10,'bobby.mohr@example.net',79009542082,'cc9a9cdab4b5c01faa713669c38185bcdec62fef'),(11,'jesse45@example.org',79009099231,'635f58bd1debdd011e9e1ba9a516ec9b5d844d5c'),(12,'cwilliamson@example.org',79009993643,'83df22522364ae593ea6bcea4128f721650cb46d'),(13,'ciara.fisher@example.com',79009462842,'8cb02449d660ab3cfe444f4208a05b044bffb4b2'),(14,'general.schaden@example.net',79009055692,'370ffcd27a35485b9d38deed3d858a3ff699eb46'),(15,'christiansen.lizeth@example.net',79009180481,'3d673a06c6bf97ba718b0bb0c204233966e960e1'),(16,'ortiz.dolly@example.net',79009743274,'26b905bfc61fa2f505a4701794c1f1426d6d0d02'),(17,'ward48@example.org',79009224803,'d5183870c658f7f11a26eb494c4df348430a8dbb'),(18,'kody.gislason@example.org',79009522405,'a0880036d55531c07d472d9cd81d8875302dd196'),(19,'vivianne48@example.com',79009850445,'66319ec2378aca83361f385b71acbd21e158b25e'),(20,'nkuhn@example.com',79009446172,'a09066aaa89b6be9fffb2fe71e10b1753911f31f'),(21,'kiehn.dale@example.com',79009091171,'2ad4ff966d4e1514ec6789280187d1ebf321a445'),(22,'miller.bauch@example.com',79009857632,'4ee14557f5b668969f32253830a9dcfd96809cfd'),(23,'carlos88@example.com',79009485769,'d23460f83051c5a3d32c32c4f74bba983310b182'),(24,'monique.ledner@example.net',79009084108,'aa3f44ef7440913cebea64116769316cb0493fbe'),(25,'antwan85@example.com',79009409944,'22e490bc1c3c1f4af709b2b4d5e4ad1da1f4e163'),(26,'gwen.shanahan@example.net',79009039397,'5b588a7de921372be4ee0f19121b17e5e2d23e4b'),(27,'huels.bailee@example.org',79009033166,'c187fa3d49cb3f854416ff50a607d1f2cb33ce14'),(28,'uhansen@example.org',79009735037,'e7e36140162adac8223e00a7eab11ab6437f1a63'),(29,'tommie.sauer@example.com',79009161875,'e777bed82e7c26bc528cfd70c1897ab24771fa3d'),(30,'claud.gutkowski@example.net',79009066670,'3aab46cd3c5524c99c408ed1498346da0ac60ff7'),(31,'pcummerata@example.net',79009304358,'0c5ae59047905d772cb17d799a14f7bd41e73827'),(32,'leanna69@example.com',79009662929,'a0204d3c92f601bdcd7a25b05ea338be2ad93073'),(33,'langworth.ryleigh@example.com',79009811842,'e26873f58bd01ccd92bdf9a4918aa8bd9aaf5c36'),(34,'asipes@example.net',79009209333,'599f2708de17e3d1fc25cb0915baa094742b69da'),(35,'douglas.royce@example.org',79009994032,'43742dc2400b547df8f25dfeb7ae1d183eee498b'),(36,'streich.caterina@example.org',79009549570,'5c214c313502a825d98bf1d7b13596a6fac88079'),(37,'mackenzie.bosco@example.org',79009880626,'76c66d41737977589d859d2d9f07f97f83367c93'),(38,'baumbach.aurelio@example.com',79009860641,'fa0c2db43065dee21cbbc243461032bab18447dc'),(39,'greg.bogan@example.org',79009784263,'bd97bd85e02201d861975b2097b7122f263424eb'),(40,'lyost@example.net',79009909494,'06b8ffc2cb1c36dc9be3ebbc6a4c79120d139ac1'),(41,'bradly32@example.com',79009276265,'05f727558aaf3db99290d8ab10f7c7bdc3d11c52'),(42,'stefan.veum@example.org',79009067434,'5595ac5acdb05e17757bc82e369eb2108648e7ee'),(43,'anolan@example.net',79009964207,'cafb7ae595267363409fb687a23a595c9a50791a'),(44,'heathcote.mikayla@example.net',79009965409,'7c56cd0fb0cd880639d8cf3adbffa12951577e12'),(45,'gaston74@example.com',79009809391,'bb16e249e53e18acab63c21157a7fc6bcd741761'),(46,'loma35@example.net',79009764801,'831776b6cc49db3b2ec1bbe43954a0f3b9cceeb7'),(47,'berta12@example.net',79009952622,'3a6f7f4c0591c054832904bb1d34bd79e4211649'),(48,'asmitham@example.org',79009103063,'16263c2c7ace4ea24b89d91a2c0fdf83b6d97158'),(49,'domenic.barton@example.com',79009531920,'748dffbada76da4d2b59e24fa6f559f96ff46cc4'),(50,'jake.schuppe@example.net',79009790326,'955a87eb9034fde5ca027dd5780a9aa7d8b36d9d'),(51,'uschaden@example.net',79009016541,'2db1f9562806fb50589080e5630d80375cdd6840'),(52,'orlando.kling@example.com',79009501520,'157f1bf4b20623e1517117a11f63605feb0c749b'),(53,'satterfield.esta@example.com',79009980262,'4d171a0dcda17a65447714d1867ad1c9c231b9b7'),(54,'nblick@example.net',79009553741,'e04ab267bcb58272e4dc0ab587dce88513d3f061'),(55,'welch.rozella@example.com',79009916740,'ba5890de6b6e1f05f24db96568209ce301d77054'),(56,'cleta.ondricka@example.com',79009419196,'d8cc467b584712065449f1d5be4e1c1b909d9647'),(57,'marina17@example.com',79009508199,'be16130c74840cea9d3d0ee1dc97d7885613b572'),(58,'wolff.amari@example.com',79009958606,'23e9fa3dd5eb0861d12cdfc2d94ff7bf5fcd623e'),(59,'delta69@example.com',79009345813,'58362b4946646ecf0f7fa569bcf932579491fc1a'),(60,'mlittel@example.net',79009119855,'6b28cfd5c6409a19472ac79d74042e841bc7e78c'),(61,'grayson.powlowski@example.net',79009330024,'137a73ba6bd8c452981b85db0017282f3847546c'),(62,'coty75@example.com',79009170579,'e8e9d0d9606f2930a9889e3b15d273db1f4ce3e3'),(63,'gaylord82@example.net',79009847407,'08f659a0d4ce816b10f4a8f8b5a2ad3c221091cf'),(64,'sandrine.boyle@example.org',79009557314,'3bcb21bf8ec39b2ea1ffb17d56a62b39910fa2cd'),(65,'waelchi.al@example.org',79009821747,'c0c794e4785dce2c92652225b34c3c6fd32ff440'),(66,'lgislason@example.net',79009453463,'8295f94f1d8e8b11eb1973d3c01d188917671d47'),(67,'lueilwitz.alicia@example.net',79009421858,'b2ea8de3e3c7dda69fdb1a0a29a5412b6f3dcbe4'),(68,'oberbrunner.mollie@example.net',79009073130,'e813a35314e7b114783205760daca14382dc67c1'),(69,'qdouglas@example.net',79009417869,'7ee7cbd37383b511f335609d1e426f9b531c2435'),(70,'ahermiston@example.net',79009333756,'d3d2aed1a6f49592bb0f753129fd2a2d4556174c'),(71,'mlowe@example.org',79009085294,'e1a5deaa688b16660b0d00cd4e9efcb63289fd6a'),(72,'stephen.lueilwitz@example.com',79009043440,'c2302d29bc62645afd70bc48e23a246011f05870'),(73,'qpfeffer@example.com',79009686046,'bd732f7c6050444959e2dea583df7b8be51692e6'),(74,'waelchi.chauncey@example.com',79009997842,'31d091ca8e55073d2c41163f4624b12d70936247'),(75,'pkoss@example.com',79009029029,'58bded381943fec00f2b548f310c87a3cca19737'),(76,'annabelle51@example.net',79009658340,'0713d3950925dba74e8cb19ab58d07752ff3d8b1'),(77,'grau@example.net',79009330655,'b69f03ccde9539cd0e7400f357ee5a0bf0adbb7f'),(78,'pollich.juliet@example.net',79009007119,'8b36abd17032c1b1c7e304a15c5e56dc7789c154'),(79,'mclaughlin.cara@example.com',79009809662,'aea9f0ddde6ba512e582898e44adac04c83fef40'),(80,'waters.tyler@example.org',79009565122,'288f07e46b7fc3848d300d4962a4572e72e673f4'),(81,'witting.adrien@example.org',79009137827,'5fb1024a17bf6f72abbf072756f25fbaf72aafc4'),(82,'hane.joesph@example.org',79009468537,'a93f67323244e8affaa9a34f301acc04e4f23dab'),(83,'wschmeler@example.com',79009090969,'4438c84a7c345409dbef9e0e4565dfa7b64d77cf'),(84,'marilie69@example.org',79009331846,'5307063007b75bb4faaa64b64e5278d27d775ad4'),(85,'helene30@example.net',79009417625,'f9b52920ccb4440935e99e3a6fd0ace0b629042d'),(86,'tatum.jaskolski@example.net',79009169654,'fe4b35decf70b28659b9900da6a839ba77e3b296'),(87,'keanu86@example.com',79009187219,'2916157a8aaf6c0b9c25bc14cbf689b6a6ddffcd'),(88,'jamal.brakus@example.com',79009139064,'9bbd8b0d67c097d0b7e4e4a572eb5980d9642d70'),(89,'teresa51@example.org',79009485619,'e7293f63c469c7a3ee8fd7597dbc6046ce565731'),(90,'darius00@example.org',79009534504,'a1e0d696d231ee88a5f965139ae335361a42230a'),(91,'padberg.easter@example.net',79009582481,'3d9677e0eca3269d26a4c16bc71e0ef8337a96ae'),(92,'oleta62@example.com',79009577336,'ae1cd45ab6b5656ccbbb6f1e41c6656a7ac221f2'),(93,'wilkinson.landen@example.com',79009905196,'c678c72c415397ef88418615f0bd8df47df567aa'),(94,'loy34@example.org',79009882925,'cbb6f26334aca568b192611cc355dc7850e4333b'),(95,'everett.beatty@example.net',79009967936,'038f62ebbc8b556b6f7e010c13307ca04727289e'),(96,'wunsch.quentin@example.net',79009461137,'37d6dd034d87e56dc524ec976b1d518ea9ab6299'),(97,'maribel86@example.org',79009593992,'86c58e0d2cef54db12fa71c2aa3a2ca2d72384c9'),(98,'korbin58@example.net',79009839797,'ddee545b2e30758191f8e36abf9841148dddebbe'),(99,'nwalker@example.com',79009785176,'04842b6b270418cfb57b6efaa70d3355839779c4'),(100,'o\'keefe.jeff@example.net',79009042095,'ff24f891d34174457ab6f515b2a51668d39f7b9b');
/*!40000 ALTER TABLE `users` ENABLE KEYS */;
UNLOCK TABLES;

--
-- Table structure for table `users_communities`
--

DROP TABLE IF EXISTS `users_communities`;
/*!40101 SET @saved_cs_client     = @@character_set_client */;
/*!50503 SET character_set_client = utf8mb4 */;
CREATE TABLE `users_communities` (
  `communities_id` int unsigned NOT NULL,
  `users_id` int unsigned NOT NULL,
  PRIMARY KEY (`communities_id`,`users_id`),
  KEY `fk_users_communities_communities1_idx` (`communities_id`),
  KEY `fk_users_communities_users1_idx` (`users_id`),
  CONSTRAINT `fk_users_communities_communities1` FOREIGN KEY (`communities_id`) REFERENCES `communities` (`id`),
  CONSTRAINT `fk_users_communities_users1` FOREIGN KEY (`users_id`) REFERENCES `users` (`id`)
) ENGINE=InnoDB DEFAULT CHARSET=utf8;
/*!40101 SET character_set_client = @saved_cs_client */;

--
-- Dumping data for table `users_communities`
--

LOCK TABLES `users_communities` WRITE;
/*!40000 ALTER TABLE `users_communities` DISABLE KEYS */;
INSERT INTO `users_communities` VALUES (1,14),(1,17),(1,34),(1,48),(1,58),(1,68),(1,88),(2,20),(2,32),(2,45),(2,60),(2,82),(3,5),(3,45),(3,48),(3,61),(3,99),(4,6),(4,40),(4,45),(4,52),(4,63),(4,71),(4,72),(4,73),(4,80),(5,8),(5,9),(5,13),(5,38),(5,45),(5,48),(5,52),(5,55),(5,76),(6,2),(6,24),(6,28),(6,42),(6,44),(6,47),(6,84),(6,94),(6,97),(7,9),(7,34),(7,42),(7,56),(7,72),(7,88),(7,98),(8,16),(8,34),(8,76),(8,77),(9,5),(9,54),(9,62),(9,98),(10,1),(10,54),(10,70),(11,5),(11,12),(11,21),(11,46),(11,74),(11,78),(11,80),(11,81),(11,96),(12,14),(12,15),(12,41),(12,48),(12,72),(13,8),(13,11),(13,12),(13,16),(13,52),(13,65),(13,69),(13,74),(14,6),(14,31),(14,35),(14,47),(14,63),(15,7),(15,16),(15,23),(15,26),(15,52),(15,56),(15,58);
/*!40000 ALTER TABLE `users_communities` ENABLE KEYS */;
UNLOCK TABLES;
/*!40103 SET TIME_ZONE=@OLD_TIME_ZONE */;

/*!40101 SET SQL_MODE=@OLD_SQL_MODE */;
/*!40014 SET FOREIGN_KEY_CHECKS=@OLD_FOREIGN_KEY_CHECKS */;
/*!40014 SET UNIQUE_CHECKS=@OLD_UNIQUE_CHECKS */;
/*!40101 SET CHARACTER_SET_CLIENT=@OLD_CHARACTER_SET_CLIENT */;
/*!40101 SET CHARACTER_SET_RESULTS=@OLD_CHARACTER_SET_RESULTS */;
/*!40101 SET COLLATION_CONNECTION=@OLD_COLLATION_CONNECTION */;
/*!40111 SET SQL_NOTES=@OLD_SQL_NOTES */;

-- Dump completed on 2021-01-19 20:57:42
